BioTIME,parsed,common,ebird,fishbase,lcvp,matched,binomial
Acanthis cannabina,Acanthis cannabina,birds,NA,NA,NA,NA,NA
Acanthuridae unidentified,Acanthuridae unidentified,fishes,NA,NA,NA,NA,NA
Acanthurus nigros,Acanthurus nigros,fishes,NA,NA,NA,NA,NA
Accipiter unidentified,Accipiter unidentified,birds,NA,NA,NA,NA,NA
Achyrocline saturioides,Achyrocline saturioides,vascular plants,NA,NA,NA,NA,NA
Aconitum delphiniifolium,Aconitum delphiniifolium,vascular plants,NA,NA,NA,NA,NA
Actinostemon comunis,Actinostemon comunis,vascular plants,NA,NA,NA,NA,NA
Actitis macularia,Actitis macularia,birds,NA,NA,NA,NA,NA
Adelosebastes lutens,Adelosebastes lutens,fishes,NA,NA,NA,NA,NA
Agalinus purpurea,Agalinus purpurea,vascular plants,NA,NA,NA,NA,NA
Aglaia barberi,Aglaia barberi,vascular plants,NA,NA,NA,NA,NA
Ahliesaurs berryi,Ahliesaurs berryi,fishes,NA,NA,NA,NA,NA
Aimophila aestivalis,Aimophila aestivalis,birds,NA,NA,NA,NA,NA
Aimophila botterii,Aimophila botterii,birds,NA,NA,NA,NA,NA
Aimophila carpalis,Aimophila carpalis,birds,NA,NA,NA,NA,NA
Aimophila cassinii,Aimophila cassinii,birds,NA,NA,NA,NA,NA
Amblyraja georginian,Amblyraja georginian,fishes,NA,NA,NA,NA,NA
Ambrosia artemisifolia,Ambrosia artemisifolia,vascular plants,NA,NA,NA,NA,NA
Ambrosia artemisiifolia,Ambrosia artemisiifolia,vascular plants,NA,NA,NA,NA,NA
Amelanchier gravida,Amelanchier gravida,vascular plants,NA,NA,NA,NA,NA
Ammocodon chenopoides,Ammocodon chenopoides,vascular plants,NA,NA,NA,NA,NA
Ammodramus bairdii,Ammodramus bairdii,birds,NA,NA,NA,NA,NA
Ammodramus caudacutus,Ammodramus caudacutus,birds,NA,NA,NA,NA,NA
Ammodramus henslowii,Ammodramus henslowii,birds,NA,NA,NA,NA,NA
Ammodramus leconteii,Ammodramus leconteii,birds,NA,NA,NA,NA,NA
Ammodramus maritimus,Ammodramus maritimus,birds,NA,NA,NA,NA,NA
Ammodramus nelsoni,Ammodramus nelsoni,birds,NA,NA,NA,NA,NA
Amphispiza belli,Amphispiza belli,birds,NA,NA,NA,NA,NA
Anarhichas lupis,Anarhichas lupis,fishes,NA,NA,NA,NA,NA
Anas americana,Anas americana,birds,NA,NA,NA,NA,NA
Anas clypeata,Anas clypeata,birds,NA,NA,NA,NA,NA
Anas cyanoptera,Anas cyanoptera,birds,NA,NA,NA,NA,NA
Anas discors,Anas discors,birds,NA,NA,NA,NA,NA
Anas falcata,Anas falcata,birds,NA,NA,NA,NA,NA
Anas penelope,Anas penelope,birds,NA,NA,NA,NA,NA
Anas querquedula,Anas querquedula,birds,NA,NA,NA,NA,NA
Anas strepera,Anas strepera,birds,NA,NA,NA,NA,NA
Anguilla leptocephali,Anguilla leptocephali,fishes,NA,NA,NA,NA,NA
Aniba ocotea,Aniba ocotea,vascular plants,NA,NA,NA,NA,NA
Anona cacans,Anona cacans,vascular plants,NA,NA,NA,NA,NA
Anona rollinia,Anona rollinia,vascular plants,NA,NA,NA,NA,NA
Antidesma cuspidata,Antidesma cuspidata,vascular plants,NA,NA,NA,NA,NA
Antus cervinus,Antus cervinus,birds,NA,NA,NA,NA,NA
Aphanophus carbo,Aphanophus carbo,fishes,NA,NA,NA,NA,NA
Apogon melanorhynchus,Apogon melanorhynchus,fishes,NA,NA,NA,NA,NA
Apogon pharonis,Apogon pharonis,fishes,NA,NA,NA,NA,NA
Apogon proeruptus,Apogon proeruptus,fishes,NA,NA,NA,NA,NA
Aporusa aurea,Aporusa aurea,vascular plants,NA,NA,NA,NA,NA
Aporusa bracteosa,Aporusa bracteosa,vascular plants,NA,NA,NA,NA,NA
Aporusa confusa,Aporusa confusa,vascular plants,NA,NA,NA,NA,NA
Aporusa falcifera,Aporusa falcifera,vascular plants,NA,NA,NA,NA,NA
Aporusa globifera,Aporusa globifera,vascular plants,NA,NA,NA,NA,NA
Aporusa lunata,Aporusa lunata,vascular plants,NA,NA,NA,NA,NA
Aporusa microstachya,Aporusa microstachya,vascular plants,NA,NA,NA,NA,NA
Aporusa miqueliana,Aporusa miqueliana,vascular plants,NA,NA,NA,NA,NA
Aporusa nervosa,Aporusa nervosa,vascular plants,NA,NA,NA,NA,NA
Aporusa nigricans,Aporusa nigricans,vascular plants,NA,NA,NA,NA,NA
Aporusa nigropunctata,Aporusa nigropunctata,vascular plants,NA,NA,NA,NA,NA
Aporusa prainiana,Aporusa prainiana,vascular plants,NA,NA,NA,NA,NA
Aporusa symplocoides,Aporusa symplocoides,vascular plants,NA,NA,NA,NA,NA
Appunia seibertii,Appunia seibertii,vascular plants,NA,NA,NA,NA,NA
Aquila chrysaetus,Aquila chrysaetus,birds,NA,NA,NA,NA,NA
Aquila heliacal,Aquila heliacal,birds,NA,NA,NA,NA,NA
Aquila pomarina,Aquila pomarina,birds,NA,NA,NA,NA,NA
Archamia zoosterophora,Archamia zoosterophora,fishes,NA,NA,NA,NA,NA
Archamia zosterophera,Archamia zosterophera,fishes,NA,NA,NA,NA,NA
Archontophoenix cunninghamii,Archontophoenix cunninghamii,vascular plants,NA,NA,NA,NA,NA
Ariosoma opisthophthalaena,Ariosoma opisthophthalaena,fishes,NA,NA,NA,NA,NA
Aristostomias grimaldi,Aristostomias grimaldi,fishes,NA,NA,NA,NA,NA
Arnoglossus imperalis,Arnoglossus imperalis,fishes,NA,NA,NA,NA,NA
Arnoglossus unidentifiable,Arnoglossus unidentifiable,fishes,NA,NA,NA,NA,NA
Artedidraco lonnebergi,Artedidraco lonnebergi,fishes,NA,NA,NA,NA,NA
Artocarpus dadak,Artocarpus dadak,vascular plants,NA,NA,NA,NA,NA
Artocarpus grandifolia,Artocarpus grandifolia,vascular plants,NA,NA,NA,NA,NA
Artocarpus rigida,Artocarpus rigida,vascular plants,NA,NA,NA,NA,NA
Aseraggodes melanospilos,Aseraggodes melanospilos,fishes,NA,NA,NA,NA,NA
Aspitrigla culculus,Aspitrigla culculus,fishes,NA,NA,NA,NA,NA
Aspitriglia cuculus,Aspitriglia cuculus,fishes,NA,NA,NA,NA,NA
Asplenium fascia,Asplenium fascia,vascular plants,NA,NA,NA,NA,NA
Astragalus nuttalianus,Astragalus nuttalianus,vascular plants,NA,NA,NA,NA,NA
Astronesthes xenostoma,Astronesthes xenostoma,fishes,NA,NA,NA,NA,NA
Asturina plagiata,Asturina plagiata,birds,NA,NA,NA,NA,NA
Austroplenckia populnea,Austroplenckia populnea,vascular plants,NA,NA,NA,NA,NA
Aygyropelecus hemigymnus,Aygyropelecus hemigymnus,fishes,NA,NA,NA,NA,NA
Bacopa monneri,Bacopa monneri,vascular plants,NA,NA,NA,NA,NA
Bahia absentifolia,Bahia absentifolia,vascular plants,NA,NA,NA,NA,NA
Bajacalifornia curtifrons,Bajacalifornia curtifrons,fishes,NA,NA,NA,NA,NA
Bajacalifornia macrops,Bajacalifornia macrops,fishes,NA,NA,NA,NA,NA
Balistoides conspicullum,Balistoides conspicullum,fishes,NA,NA,NA,NA,NA
Bambusicola thoracica,Bambusicola thoracica,birds,NA,NA,NA,NA,NA
Bathophilus longipinnus,Bathophilus longipinnus,fishes,NA,NA,NA,NA,NA
Bathophilus metalicus,Bathophilus metalicus,fishes,NA,NA,NA,NA,NA
Bathycallionymus bifilum,Bathycallionymus bifilum,fishes,NA,NA,NA,NA,NA
Bathycongrus africanus,Bathycongrus africanus,fishes,NA,NA,NA,NA,NA
Bathycygnus longpipes,Bathycygnus longpipes,fishes,NA,NA,NA,NA,NA
Bathylagus achotensis,Bathylagus achotensis,fishes,NA,NA,NA,NA,NA
Bathylagus euryopsa,Bathylagus euryopsa,fishes,NA,NA,NA,NA,NA
Belenesox belizanus,Belenesox belizanus,fishes,NA,NA,NA,NA,NA
Blenniidae unidentified,Blenniidae unidentified,fishes,NA,NA,NA,NA,NA
Blennius ocelatus,Blennius ocelatus,fishes,NA,NA,NA,NA,NA
Blepharistemma membranifolia,Blepharistemma membranifolia,vascular plants,NA,NA,NA,NA,NA
Boerhaavia coulteri,Boerhaavia coulteri,vascular plants,NA,NA,NA,NA,NA
Boerhaavia intermedia,Boerhaavia intermedia,vascular plants,NA,NA,NA,NA,NA
Boerhaavia torreyana,Boerhaavia torreyana,vascular plants,NA,NA,NA,NA,NA
Bonasa bonasia,Bonasa bonasia,birds,NA,NA,NA,NA,NA
Brachirus setifer,Brachirus setifer,fishes,NA,NA,NA,NA,NA
Bregmasceros atlanticus,Bregmasceros atlanticus,fishes,NA,NA,NA,NA,NA
Breviraja caerulia,Breviraja caerulia,fishes,NA,NA,NA,NA,NA
Bubo spec,Bubo spec,birds,NA,NA,NA,NA,NA
Buteo albicaudatus,Buteo albicaudatus,birds,NA,NA,NA,NA,NA
Caelorinchus caelorhinchus,Caelorinchus caelorhinchus,fishes,NA,NA,NA,NA,NA
Calcarius mccownii,Calcarius mccownii,birds,NA,NA,NA,NA,NA
Calliurichthys afilum,Calliurichthys afilum,fishes,NA,NA,NA,NA,NA
Calliurichthys grossi,Calliurichthys grossi,fishes,NA,NA,NA,NA,NA
Calliurichthys ogilbyi,Calliurichthys ogilbyi,fishes,NA,NA,NA,NA,NA
Calliurichthys sereti,Calliurichthys sereti,fishes,NA,NA,NA,NA,NA
Calliurichthys tethys,Calliurichthys tethys,fishes,NA,NA,NA,NA,NA
Callyonimus phaeton,Callyonimus phaeton,fishes,NA,NA,NA,NA,NA
Calophyllum rupicola,Calophyllum rupicola,vascular plants,NA,NA,NA,NA,NA
Calophyllum soulattri,Calophyllum soulattri,vascular plants,NA,NA,NA,NA,NA
Calylophus lavandulifolius,Calylophus lavandulifolius,vascular plants,NA,NA,NA,NA,NA
Calylophus serrulatus,Calylophus serrulatus,vascular plants,NA,NA,NA,NA,NA
Campostoma anamolum,Campostoma anamolum,fishes,NA,NA,NA,NA,NA
Campostoma anomala,Campostoma anomala,fishes,NA,NA,NA,NA,NA
Campylorhynchus brunneica,Campylorhynchus brunneica,birds,NA,NA,NA,NA,NA
Canarium purpurescens,Canarium purpurescens,vascular plants,NA,NA,NA,NA,NA
Canarium sumatrana,Canarium sumatrana,vascular plants,NA,NA,NA,NA,NA
Caprimulgus carolinensis,Caprimulgus carolinensis,birds,NA,NA,NA,NA,NA
Caprimulgus vociferus,Caprimulgus vociferus,birds,NA,NA,NA,NA,NA
Carangidae unidentified,Carangidae unidentified,fishes,NA,NA,NA,NA,NA
Carduelis caniceps,Carduelis caniceps,birds,NA,NA,NA,NA,NA
Carduelis cannabina,Carduelis cannabina,birds,NA,NA,NA,NA,NA
Carduelis chloris,Carduelis chloris,birds,NA,NA,NA,NA,NA
Carduelis flammea,Carduelis flammea,birds,NA,NA,NA,NA,NA
Carduelis flavirostris,Carduelis flavirostris,birds,NA,NA,NA,NA,NA
Carduelis hornemanni,Carduelis hornemanni,birds,NA,NA,NA,NA,NA
Carduelis lawrencei,Carduelis lawrencei,birds,NA,NA,NA,NA,NA
Carduelis pinus,Carduelis pinus,birds,NA,NA,NA,NA,NA
Carduelis psaltria,Carduelis psaltria,birds,NA,NA,NA,NA,NA
Carduelis spinus,Carduelis spinus,birds,NA,NA,NA,NA,NA
Carduelis tristis,Carduelis tristis,birds,NA,NA,NA,NA,NA
Carex chordorrhiza,Carex chordorrhiza,vascular plants,NA,NA,NA,NA,NA
Carpodacus cassinii,Carpodacus cassinii,birds,NA,NA,NA,NA,NA
Carpodacus mexicanus,Carpodacus mexicanus,birds,NA,NA,NA,NA,NA
Carpodacus purpureus,Carpodacus purpureus,birds,NA,NA,NA,NA,NA
Carpoides carpio,Carpoides carpio,fishes,NA,NA,NA,NA,NA
Casearia dallachii,Casearia dallachii,vascular plants,NA,NA,NA,NA,NA
Casmerodius albus,Casmerodius albus,birds,NA,NA,NA,NA,NA
Catharacta antarctica,Catharacta antarctica,birds,NA,NA,NA,NA,NA
Catharacta lonnbergi,Catharacta lonnbergi,birds,NA,NA,NA,NA,NA
Catharacta maccormicki,Catharacta maccormicki,birds,NA,NA,NA,NA,NA
Catharacta skua,Catharacta skua,birds,NA,NA,NA,NA,NA
Catharus mustelinus,Catharus mustelinus,birds,NA,NA,NA,NA,NA
Catoptrophorus semipalmatus,Catoptrophorus semipalmatus,birds,NA,NA,NA,NA,NA
Cebidichthys violaceous,Cebidichthys violaceous,fishes,NA,NA,NA,NA,NA
Cecropia glaziovii,Cecropia glaziovii,vascular plants,NA,NA,NA,NA,NA
Cecropia pachystachia,Cecropia pachystachia,vascular plants,NA,NA,NA,NA,NA
Cedrelinga cateriformis,Cedrelinga cateriformis,vascular plants,NA,NA,NA,NA,NA
Cedrella fissilis,Cedrella fissilis,vascular plants,NA,NA,NA,NA,NA
Centrobranchus nigro-ocellatus,Centrobranchus nigro-ocellatus,fishes,NA,NA,NA,NA,NA
Cerastium cerastoides,Cerastium cerastoides,vascular plants,NA,NA,NA,NA,NA
Certhia familaris,Certhia familaris,birds,NA,NA,NA,NA,NA
Ceryle alcyon,Ceryle alcyon,birds,NA,NA,NA,NA,NA
Cestrum schlechtendahlii,Cestrum schlechtendahlii,vascular plants,NA,NA,NA,NA,NA
Cestrum strigilatum,Cestrum strigilatum,vascular plants,NA,NA,NA,NA,NA
Cettia diphone,Cettia diphone,birds,NA,NA,NA,NA,NA
Chaetodon klenii,Chaetodon klenii,fishes,NA,NA,NA,NA,NA
Chaetodon ocellicauda,Chaetodon ocellicauda,fishes,NA,NA,NA,NA,NA
Chaetodon trifascatus,Chaetodon trifascatus,fishes,NA,NA,NA,NA,NA
Chamaeorchis alpina,Chamaeorchis alpina,vascular plants,NA,NA,NA,NA,NA
Chamaesaracha conoides,Chamaesaracha conoides,vascular plants,NA,NA,NA,NA,NA
Chamaesyce strictospora,Chamaesyce strictospora,vascular plants,NA,NA,NA,NA,NA
Chasalia longifolia,Chasalia longifolia,vascular plants,NA,NA,NA,NA,NA
Cheilinus oxycephalis,Cheilinus oxycephalis,fishes,NA,NA,NA,NA,NA
Cheilodipterus quinquilineatus,Cheilodipterus quinquilineatus,fishes,NA,NA,NA,NA,NA
Chelmon kleinii,Chelmon kleinii,fishes,NA,NA,NA,NA,NA
Chen caerulescens,Chen caerulescens,birds,NA,NA,NA,NA,NA
Chionanthus callophylla,Chionanthus callophylla,vascular plants,NA,NA,NA,NA,NA
Chionanthus macrocarpa,Chionanthus macrocarpa,vascular plants,NA,NA,NA,NA,NA
Chlidonias hybridus,Chlidonias hybridus,birds,NA,NA,NA,NA,NA
Chlidonias leucopteru,Chlidonias leucopteru,birds,NA,NA,NA,NA,NA
Chlorostilbon maugeanus,Chlorostilbon maugeanus,birds,NA,NA,NA,NA,NA
Chlorurus capristratoides,Chlorurus capristratoides,fishes,NA,NA,NA,NA,NA
Chlorurus microrhinus,Chlorurus microrhinus,fishes,NA,NA,NA,NA,NA
Chlorurus troschelli,Chlorurus troschelli,fishes,NA,NA,NA,NA,NA
Chromis dispilis,Chromis dispilis,fishes,NA,NA,NA,NA,NA
Chrysiptera brownrigii,Chrysiptera brownrigii,fishes,NA,NA,NA,NA,NA
Cichlasoma uropthalmus,Cichlasoma uropthalmus,fishes,NA,NA,NA,NA,NA
Cinnamomum sintoc,Cinnamomum sintoc,vascular plants,NA,NA,NA,NA,NA
Circus melanoleucus,Circus melanoleucus,birds,NA,NA,NA,NA,NA
Citronela paniculata,Citronela paniculata,vascular plants,NA,NA,NA,NA,NA
Cleidopus gloriamanis,Cleidopus gloriamanis,fishes,NA,NA,NA,NA,NA
Clinocottus auticeps,Clinocottus auticeps,fishes,NA,NA,NA,NA,NA
Clinocuttus acuticeps,Clinocuttus acuticeps,fishes,NA,NA,NA,NA,NA
Clinstomus funduloides,Clinstomus funduloides,fishes,NA,NA,NA,NA,NA
Coccoloba manzinellensis,Coccoloba manzinellensis,vascular plants,NA,NA,NA,NA,NA
Coelorinchus coelorinchus,Coelorinchus coelorinchus,fishes,NA,NA,NA,NA,NA
Colaptes auratus auratus,Colaptes auratus auratus,birds,NA,NA,NA,NA,NA
Columba fasciata,Columba fasciata,birds,NA,NA,NA,NA,NA
Conacarpus erectus,Conacarpus erectus,vascular plants,NA,NA,NA,NA,NA
Contopus borealis,Contopus borealis,birds,NA,NA,NA,NA,NA
Contopus spec,Contopus spec,birds,NA,NA,NA,NA,NA
Copaifera protium,Copaifera protium,vascular plants,NA,NA,NA,NA,NA
Corvus spec,Corvus spec,birds,NA,NA,NA,NA,NA
Corydalis conorhiza,Corydalis conorhiza,vascular plants,NA,NA,NA,NA,NA
Coryphaenoides chalinura,Coryphaenoides chalinura,fishes,NA,NA,NA,NA,NA
Coryphaenoides coryphaenoides,Coryphaenoides coryphaenoides,fishes,NA,NA,NA,NA,NA
Coryphaenoides lionurus,Coryphaenoides lionurus,fishes,NA,NA,NA,NA,NA
Coryphaenoides profundicola,Coryphaenoides profundicola,fishes,NA,NA,NA,NA,NA
Coryphaenoides spa,Coryphaenoides spa,fishes,NA,NA,NA,NA,NA
Cottunculoides inermis,Cottunculoides inermis,fishes,NA,NA,NA,NA,NA
Cottunculus thomsoni,Cottunculus thomsoni,fishes,NA,NA,NA,NA,NA
Couratari schweifer,Couratari schweifer,vascular plants,NA,NA,NA,NA,NA
Coussarea curvigemmia,Coussarea curvigemmia,vascular plants,NA,NA,NA,NA,NA
Crotalaria tweediana,Crotalaria tweediana,vascular plants,NA,NA,NA,NA,NA
Crudia curtisii,Crudia curtisii,vascular plants,NA,NA,NA,NA,NA
Cryptantha crassisepila,Cryptantha crassisepila,vascular plants,NA,NA,NA,NA,NA
Cryptocarya bellendenkerana,Cryptocarya bellendenkerana,vascular plants,NA,NA,NA,NA,NA
Cryptocarya burckiana,Cryptocarya burckiana,vascular plants,NA,NA,NA,NA,NA
Cynoglossus punctate,Cynoglossus punctate,fishes,NA,NA,NA,NA,NA
Cypho purpurescens,Cypho purpurescens,fishes,NA,NA,NA,NA,NA
Dasyochloa pulchellum,Dasyochloa pulchellum,vascular plants,NA,NA,NA,NA,NA
Dendragapus canadensis,Dendragapus canadensis,birds,NA,NA,NA,NA,NA
Dendrocnide photinophylla,Dendrocnide photinophylla,vascular plants,NA,NA,NA,NA,NA
Dendrocopos kizuki,Dendrocopos kizuki,birds,NA,NA,NA,NA,NA
Dendrocopos medius,Dendrocopos medius,birds,NA,NA,NA,NA,NA
Dendrocopos minor,Dendrocopos minor,birds,NA,NA,NA,NA,NA
Dendroica caerulescens,Dendroica caerulescens,birds,NA,NA,NA,NA,NA
Dendroica castanea,Dendroica castanea,birds,NA,NA,NA,NA,NA
Dendroica cerulea,Dendroica cerulea,birds,NA,NA,NA,NA,NA
Dendroica coronata,Dendroica coronata,birds,NA,NA,NA,NA,NA
Dendroica discolor,Dendroica discolor,birds,NA,NA,NA,NA,NA
Dendroica dominica,Dendroica dominica,birds,NA,NA,NA,NA,NA
Dendroica fusca,Dendroica fusca,birds,NA,NA,NA,NA,NA
Dendroica graciae,Dendroica graciae,birds,NA,NA,NA,NA,NA
Dendroica magnolia,Dendroica magnolia,birds,NA,NA,NA,NA,NA
Dendroica nigrescens,Dendroica nigrescens,birds,NA,NA,NA,NA,NA
Dendroica occidentalis,Dendroica occidentalis,birds,NA,NA,NA,NA,NA
Dendroica palmarum,Dendroica palmarum,birds,NA,NA,NA,NA,NA
Dendroica pensylvanica,Dendroica pensylvanica,birds,NA,NA,NA,NA,NA
Dendroica petechia,Dendroica petechia,birds,NA,NA,NA,NA,NA
Dendroica pinus,Dendroica pinus,birds,NA,NA,NA,NA,NA
Dendroica stirata,Dendroica stirata,birds,NA,NA,NA,NA,NA
Dendroica striata,Dendroica striata,birds,NA,NA,NA,NA,NA
Dendroica tigrina,Dendroica tigrina,birds,NA,NA,NA,NA,NA
Dendroica townsendi,Dendroica townsendi,birds,NA,NA,NA,NA,NA
Dendroica virens,Dendroica virens,birds,NA,NA,NA,NA,NA
Dendropanax cuneatum,Dendropanax cuneatum,vascular plants,NA,NA,NA,NA,NA
Deschampsia cespitosa,Deschampsia cespitosa,vascular plants,NA,NA,NA,NA,NA
Diaphus metoplocampus,Diaphus metoplocampus,fishes,NA,NA,NA,NA,NA
Didymopanax ocotea,Didymopanax ocotea,vascular plants,NA,NA,NA,NA,NA
Dinosperma erythrococcum,Dinosperma erythrococcum,vascular plants,NA,NA,NA,NA,NA
Dinosperma melanophloium,Dinosperma melanophloium,vascular plants,NA,NA,NA,NA,NA
Diomedea albatrus,Diomedea albatrus,birds,NA,NA,NA,NA,NA
Diomedea amsterdamens,Diomedea amsterdamens,birds,NA,NA,NA,NA,NA
Diomedea immutabilis,Diomedea immutabilis,birds,NA,NA,NA,NA,NA
Diomedea nigripes,Diomedea nigripes,birds,NA,NA,NA,NA,NA
Diomedea royal,Diomedea royal,birds,NA,NA,NA,NA,NA
Diomedea sanfordi,Diomedea sanfordi,birds,NA,NA,NA,NA,NA
Diospyros demona,Diospyros demona,vascular plants,NA,NA,NA,NA,NA
Diospyros lancifolia,Diospyros lancifolia,vascular plants,NA,NA,NA,NA,NA
Dipterix alata,Dipterix alata,vascular plants,NA,NA,NA,NA,NA
Dischistodus perscipillatus,Dischistodus perscipillatus,fishes,NA,NA,NA,NA,NA
Dischistodus perspicilatus,Dischistodus perspicilatus,fishes,NA,NA,NA,NA,NA
Distephanus longispina,Distephanus longispina,vascular plants,NA,NA,NA,NA,NA
Dithyrea wislizenii,Dithyrea wislizenii,vascular plants,NA,NA,NA,NA,NA
Dysoxylum gaudichaudianum,Dysoxylum gaudichaudianum,vascular plants,NA,NA,NA,NA,NA
Ecklonia cava,Ecklonia cava,vascular plants,NA,NA,NA,NA,NA
Ecklonia kurome,Ecklonia kurome,vascular plants,NA,NA,NA,NA,NA
Egretta intermedia,Egretta intermedia,birds,NA,NA,NA,NA,NA
Einara edentulata,Einara edentulata,fishes,NA,NA,NA,NA,NA
Elaeocarpus eumundii,Elaeocarpus eumundii,vascular plants,NA,NA,NA,NA,NA
Eleocharis geniculatus,Eleocharis geniculatus,vascular plants,NA,NA,NA,NA,NA
Elyonurus candidus,Elyonurus candidus,vascular plants,NA,NA,NA,NA,NA
Emberiza leucocephala,Emberiza leucocephala,birds,NA,NA,NA,NA,NA
Empidonax species,Empidonax species,birds,NA,NA,NA,NA,NA
Empidonax unidentified,Empidonax unidentified,birds,NA,NA,NA,NA,NA
Endiandra collinsii,Endiandra collinsii,vascular plants,NA,NA,NA,NA,NA
Engelhardtia serrata,Engelhardtia serrata,vascular plants,NA,NA,NA,NA,NA
Engyprosopon grandisquamum,Engyprosopon grandisquamum,fishes,NA,NA,NA,NA,NA
Enochrys bison,Enochrys bison,fishes,NA,NA,NA,NA,NA
Enterolobium contortisiliqum,Enterolobium contortisiliqum,vascular plants,NA,NA,NA,NA,NA
Epinephelus corallicolla,Epinephelus corallicolla,fishes,NA,NA,NA,NA,NA
Epinephelus costea,Epinephelus costea,fishes,NA,NA,NA,NA,NA
Erechtites hieracifolia,Erechtites hieracifolia,vascular plants,NA,NA,NA,NA,NA
Erica corifolia,Erica corifolia,vascular plants,NA,NA,NA,NA,NA
Erica gnaphaloides,Erica gnaphaloides,vascular plants,NA,NA,NA,NA,NA
Ericara microlepis,Ericara microlepis,fishes,NA,NA,NA,NA,NA
Eryotheca gracilipes,Eryotheca gracilipes,vascular plants,NA,NA,NA,NA,NA
Eschscholtzia mexicana,Eschscholtzia mexicana,vascular plants,NA,NA,NA,NA,NA
Etheostoma blennoides,Etheostoma blennoides,fishes,NA,NA,NA,NA,NA
Eucinostomus pseudogula,Eucinostomus pseudogula,fishes,NA,NA,NA,NA,NA
Eudyptes glaucoides,Eudyptes glaucoides,birds,NA,NA,NA,NA,NA
Eudyptula cornutus,Eudyptula cornutus,birds,NA,NA,NA,NA,NA
Eugenia barnardi,Eugenia barnardi,vascular plants,NA,NA,NA,NA,NA
Eugenia ceraina,Eugenia ceraina,vascular plants,NA,NA,NA,NA,NA
Eugenia cumingiana,Eugenia cumingiana,vascular plants,NA,NA,NA,NA,NA
Eugenia prainiana,Eugenia prainiana,vascular plants,NA,NA,NA,NA,NA
Eupatorium ivaefolium,Eupatorium ivaefolium,vascular plants,NA,NA,NA,NA,NA
Eupatorium ligulaefolium,Eupatorium ligulaefolium,vascular plants,NA,NA,NA,NA,NA
Eurynorhynchus pygmeus,Eurynorhynchus pygmeus,birds,NA,NA,NA,NA,NA
Eustomias radiciphilis,Eustomias radiciphilis,fishes,NA,NA,NA,NA,NA
Eutrema edwardsii,Eutrema edwardsii,vascular plants,NA,NA,NA,NA,NA
Evermanella indica,Evermanella indica,fishes,NA,NA,NA,NA,NA
Evolvulus nuttalianus,Evolvulus nuttalianus,vascular plants,NA,NA,NA,NA,NA
Falcon unidentified,Falcon unidentified,birds,NA,NA,NA,NA,NA
Fasciolella physonema,Fasciolella physonema,fishes,NA,NA,NA,NA,NA
Ficus sinuaata,Ficus sinuaata,vascular plants,NA,NA,NA,NA,NA
Flindersia ifflana,Flindersia ifflana,vascular plants,NA,NA,NA,NA,NA
Foetorepus dagmare,Foetorepus dagmare,fishes,NA,NA,NA,NA,NA
Fowleria variegatus,Fowleria variegatus,fishes,NA,NA,NA,NA,NA
Fraxinus pennsylvanica,Fraxinus pennsylvanica,vascular plants,NA,NA,NA,NA,NA
Gadiculus argenteus-thori,Gadiculus argenteus-thori,fishes,NA,NA,NA,NA,NA
Gadomus fumosus,Gadomus fumosus,fishes,NA,NA,NA,NA,NA
Gaidropsarus mediteraneus,Gaidropsarus mediteraneus,fishes,NA,NA,NA,NA,NA
Gallardia pulchella,Gallardia pulchella,vascular plants,NA,NA,NA,NA,NA
Ganua mottleyana,Ganua mottleyana,vascular plants,NA,NA,NA,NA,NA
Garcinia eugenifolia,Garcinia eugenifolia,vascular plants,NA,NA,NA,NA,NA
Garcinia gummi-gutta,Garcinia gummi-gutta,vascular plants,NA,NA,NA,NA,NA
Garcinia recondita,Garcinia recondita,vascular plants,NA,NA,NA,NA,NA
Garrulax cineraceus,Garrulax cineraceus,birds,NA,NA,NA,NA,NA
Garrulax sannio,Garrulax sannio,birds,NA,NA,NA,NA,NA
Gavia arctia,Gavia arctia,birds,NA,NA,NA,NA,NA
Gentiana biebersteinii,Gentiana biebersteinii,vascular plants,NA,NA,NA,NA,NA
Glaucidium californicum,Glaucidium californicum,birds,NA,NA,NA,NA,NA
Gnatholepis mystax,Gnatholepis mystax,fishes,NA,NA,NA,NA,NA
Gobiesox meandricus,Gobiesox meandricus,fishes,NA,NA,NA,NA,NA
Gobiidae unidentified,Gobiidae unidentified,fishes,NA,NA,NA,NA,NA
Gonorhynchus greyi,Gonorhynchus greyi,fishes,NA,NA,NA,NA,NA
Gordonia singaporiana,Gordonia singaporiana,vascular plants,NA,NA,NA,NA,NA
Grahamichthys radiatus,Grahamichthys radiatus,fishes,NA,NA,NA,NA,NA
Grewia antidesmaefolia,Grewia antidesmaefolia,vascular plants,NA,NA,NA,NA,NA
Grus canadensis,Grus canadensis,birds,NA,NA,NA,NA,NA
Guarea sherman,Guarea sherman,vascular plants,NA,NA,NA,NA,NA
Guiraca caerulea,Guiraca caerulea,birds,NA,NA,NA,NA,NA
Gustavia fosteri,Gustavia fosteri,vascular plants,NA,NA,NA,NA,NA
Gygis candida,Gygis candida,birds,NA,NA,NA,NA,NA
Gymnopogon foliolosus,Gymnopogon foliolosus,vascular plants,NA,NA,NA,NA,NA
Halichoeres scapularus,Halichoeres scapularus,fishes,NA,NA,NA,NA,NA
Halocyptena microsoma,Halocyptena microsoma,birds,NA,NA,NA,NA,NA
Halosaurichthys guentheri,Halosaurichthys guentheri,fishes,NA,NA,NA,NA,NA
Haplopappus gracilis,Haplopappus gracilis,vascular plants,NA,NA,NA,NA,NA
Hedyotis species,Hedyotis species,vascular plants,NA,NA,NA,NA,NA
Helianthemum brasiliensis,Helianthemum brasiliensis,vascular plants,NA,NA,NA,NA,NA
Helmitheros vermivorus,Helmitheros vermivorus,birds,NA,NA,NA,NA,NA
Hemirhampus far,Hemirhampus far,fishes,NA,NA,NA,NA,NA
Hemisorubim platyrhinchus,Hemisorubim platyrhinchus,fishes,NA,NA,NA,NA,NA
Hesperiphona vespertina,Hesperiphona vespertina,birds,NA,NA,NA,NA,NA
Heteroscelus brevipes,Heteroscelus brevipes,birds,NA,NA,NA,NA,NA
Heteroscelus incanus,Heteroscelus incanus,birds,NA,NA,NA,NA,NA
Hexagrammos actogrammus,Hexagrammos actogrammus,fishes,NA,NA,NA,NA,NA
Hexagrammos decagrammos,Hexagrammos decagrammos,fishes,NA,NA,NA,NA,NA
Hexagrammos supercilosus,Hexagrammos supercilosus,fishes,NA,NA,NA,NA,NA
Himantura uaranak,Himantura uaranak,fishes,NA,NA,NA,NA,NA
Hiposcarus longiceps,Hiposcarus longiceps,fishes,NA,NA,NA,NA,NA
Hippocampus ramulosus,Hippocampus ramulosus,fishes,NA,NA,NA,NA,NA
Hirundo daurica,Hirundo daurica,birds,NA,NA,NA,NA,NA
Hirundo fulva,Hirundo fulva,birds,NA,NA,NA,NA,NA
Hirundo pyrrhonota,Hirundo pyrrhonota,birds,NA,NA,NA,NA,NA
Holtbyrnia anomal,Holtbyrnia anomal,fishes,NA,NA,NA,NA,NA
Holtbyrnia problematica,Holtbyrnia problematica,fishes,NA,NA,NA,NA,NA
Holtbyrnia schakenbecki,Holtbyrnia schakenbecki,fishes,NA,NA,NA,NA,NA
Horsfieldia stipulaceum,Horsfieldia stipulaceum,vascular plants,NA,NA,NA,NA,NA
Horsfieldia sumatrana,Horsfieldia sumatrana,vascular plants,NA,NA,NA,NA,NA
Hybopis storeriana,Hybopis storeriana,fishes,NA,NA,NA,NA,NA
Hydnocarpus alpina,Hydnocarpus alpina,vascular plants,NA,NA,NA,NA,NA
Hydnocarpus pentandra,Hydnocarpus pentandra,vascular plants,NA,NA,NA,NA,NA
Hyeronima oblonga,Hyeronima oblonga,vascular plants,NA,NA,NA,NA,NA
Hymenaca reticulata,Hymenaca reticulata,vascular plants,NA,NA,NA,NA,NA
Hymenocallis palidosus,Hymenocallis palidosus,vascular plants,NA,NA,NA,NA,NA
Hypentelium nigracans,Hypentelium nigracans,fishes,NA,NA,NA,NA,NA
Hypleurochilus psuedoaequipinnis,Hypleurochilus psuedoaequipinnis,fishes,NA,NA,NA,NA,NA
Hypobathrium venulosum,Hypobathrium venulosum,vascular plants,NA,NA,NA,NA,NA
Hypodiscus albo-aristatus,Hypodiscus albo-aristatus,vascular plants,NA,NA,NA,NA,NA
Hyptis venuta,Hyptis venuta,vascular plants,NA,NA,NA,NA,NA
Ichthyoscopus fasciatus,Ichthyoscopus fasciatus,fishes,NA,NA,NA,NA,NA
Ichthyoscopus nigripinnis,Ichthyoscopus nigripinnis,fishes,NA,NA,NA,NA,NA
Ilex paraguaryensis,Ilex paraguaryensis,vascular plants,NA,NA,NA,NA,NA
Indigo bunting,Indigo bunting,vascular plants,NA,NA,NA,NA,NA
Ixora fuscotomento,Ixora fuscotomento,vascular plants,NA,NA,NA,NA,NA
Ixora incrassatum,Ixora incrassatum,vascular plants,NA,NA,NA,NA,NA
Juncus effuses,Juncus effuses,vascular plants,NA,NA,NA,NA,NA
Knema curtisii,Knema curtisii,vascular plants,NA,NA,NA,NA,NA
Krigia cespitosa,Krigia cespitosa,vascular plants,NA,NA,NA,NA,NA
Kyphosus cinerescens,Kyphosus cinerescens,fishes,NA,NA,NA,NA,NA
Labridae unidentified,Labridae unidentified,fishes,NA,NA,NA,NA,NA
Labrisomus phillipi,Labrisomus phillipi,fishes,NA,NA,NA,NA,NA
Labropsis moluccanus,Labropsis moluccanus,fishes,NA,NA,NA,NA,NA
Lactoria gibbosus,Lactoria gibbosus,fishes,NA,NA,NA,NA,NA
Laginocarpus rigidus,Laginocarpus rigidus,vascular plants,NA,NA,NA,NA,NA
Lagopus mutus,Lagopus mutus,birds,NA,NA,NA,NA,NA
Lampanyctus intricans,Lampanyctus intricans,fishes,NA,NA,NA,NA,NA
Larus atricilla,Larus atricilla,birds,NA,NA,NA,NA,NA
Larus audouinii,Larus audouinii,birds,NA,NA,NA,NA,NA
Larus cirrocephalus,Larus cirrocephalus,birds,NA,NA,NA,NA,NA
Larus hartlaubii,Larus hartlaubii,birds,NA,NA,NA,NA,NA
Larus hemprichii,Larus hemprichii,birds,NA,NA,NA,NA,NA
Larus hyuperboreus,Larus hyuperboreus,birds,NA,NA,NA,NA,NA
Larus leucopthalmus,Larus leucopthalmus,birds,NA,NA,NA,NA,NA
Larus melanocephalus,Larus melanocephalus,birds,NA,NA,NA,NA,NA
Larus minutus,Larus minutus,birds,NA,NA,NA,NA,NA
Larus novaehollandiae,Larus novaehollandiae,birds,NA,NA,NA,NA,NA
Larus philadelphia,Larus philadelphia,birds,NA,NA,NA,NA,NA
Larus pipixcan,Larus pipixcan,birds,NA,NA,NA,NA,NA
Larus ridibundus,Larus ridibundus,birds,NA,NA,NA,NA,NA
Larus sabini,Larus sabini,birds,NA,NA,NA,NA,NA
Larus saundersi,Larus saundersi,birds,NA,NA,NA,NA,NA
Larus thayeri,Larus thayeri,birds,NA,NA,NA,NA,NA
Lavius collurio,Lavius collurio,birds,NA,NA,NA,NA,NA
Lepidocybium flavobrunnrum,Lepidocybium flavobrunnrum,fishes,NA,NA,NA,NA,NA
Lepidophanes guntheri,Lepidophanes guntheri,fishes,NA,NA,NA,NA,NA
Lepidophanes pyrsobolus,Lepidophanes pyrsobolus,fishes,NA,NA,NA,NA,NA
Lepidorhombus whiffiagonus,Lepidorhombus whiffiagonus,fishes,NA,NA,NA,NA,NA
Lepidotrigla damaged,Lepidotrigla damaged,fishes,NA,NA,NA,NA,NA
Lepidotrigla japonica-like,Lepidotrigla japonica-like,fishes,NA,NA,NA,NA,NA
Lepisanthes griffithii,Lepisanthes griffithii,vascular plants,NA,NA,NA,NA,NA
Lepisosteus ferruginea,Lepisosteus ferruginea,fishes,NA,NA,NA,NA,NA
Lepisosteus platyrhinchus,Lepisosteus platyrhinchus,fishes,NA,NA,NA,NA,NA
Lepomis cynanellus,Lepomis cynanellus,fishes,NA,NA,NA,NA,NA
Lepomis fuscotomento,Lepomis fuscotomento,fishes,NA,NA,NA,NA,NA
Lepomis humilus,Lepomis humilus,fishes,NA,NA,NA,NA,NA
Leptochloa fasciculata,Leptochloa fasciculata,vascular plants,NA,NA,NA,NA,NA
Leptochoryphium lanatum,Leptochoryphium lanatum,vascular plants,NA,NA,NA,NA,NA
Leuchorchis albida,Leuchorchis albida,vascular plants,NA,NA,NA,NA,NA
Licania humillis,Licania humillis,vascular plants,NA,NA,NA,NA,NA
Limicola falcinellus,Limicola falcinellus,birds,NA,NA,NA,NA,NA
Linanthus bigelouii,Linanthus bigelouii,vascular plants,NA,NA,NA,NA,NA
Linum lewesii,Linum lewesii,vascular plants,NA,NA,NA,NA,NA
Lithocarpus conocarpa,Lithocarpus conocarpa,vascular plants,NA,NA,NA,NA,NA
Lithocarpus lucida,Lithocarpus lucida,vascular plants,NA,NA,NA,NA,NA
Lithocarpus wallichiana,Lithocarpus wallichiana,vascular plants,NA,NA,NA,NA,NA
Litsea fuscotomento,Litsea fuscotomento,vascular plants,NA,NA,NA,NA,NA
Lophophnaes cristatus,Lophophnaes cristatus,birds,NA,NA,NA,NA,NA
Loxigilla portoricensis,Loxigilla portoricensis,birds,NA,NA,NA,NA,NA
Lucigados ori,Lucigados ori,fishes,NA,NA,NA,NA,NA
Ludwigia curtisii,Ludwigia curtisii,vascular plants,NA,NA,NA,NA,NA
Lugensa brevirostris,Lugensa brevirostris,birds,NA,NA,NA,NA,NA
Lugensa pterodroma,Lugensa pterodroma,birds,NA,NA,NA,NA,NA
Lupinus coccinus,Lupinus coccinus,vascular plants,NA,NA,NA,NA,NA
Luscina calliope,Luscina calliope,birds,NA,NA,NA,NA,NA
Luscinia akahige,Luscinia akahige,birds,NA,NA,NA,NA,NA
Luscinia calliope,Luscinia calliope,birds,NA,NA,NA,NA,NA
Luscinia cyane,Luscinia cyane,birds,NA,NA,NA,NA,NA
Luxilus coccoogenis,Luxilus coccoogenis,fishes,NA,NA,NA,NA,NA
Machaeranthera tanreafolia,Machaeranthera tanreafolia,vascular plants,NA,NA,NA,NA,NA
Machaerium brasiliensis,Machaerium brasiliensis,vascular plants,NA,NA,NA,NA,NA
Macrophryngodon negrosensis,Macrophryngodon negrosensis,fishes,NA,NA,NA,NA,NA
Mangifera littorale,Mangifera littorale,vascular plants,NA,NA,NA,NA,NA
Matayba eleagnoides,Matayba eleagnoides,vascular plants,NA,NA,NA,NA,NA
Maurolicus mulleri,Maurolicus mulleri,fishes,NA,NA,NA,NA,NA
Maytenus aquifolia,Maytenus aquifolia,vascular plants,NA,NA,NA,NA,NA
Maytenus dasyclada,Maytenus dasyclada,vascular plants,NA,NA,NA,NA,NA
Maytenus glazioviana,Maytenus glazioviana,vascular plants,NA,NA,NA,NA,NA
Megalops larva,Megalops larva,fishes,NA,NA,NA,NA,NA
Megascops spec,Megascops spec,birds,NA,NA,NA,NA,NA
Melamphaes eulepsis,Melamphaes eulepsis,fishes,NA,NA,NA,NA,NA
Melanerpus carolinus,Melanerpus carolinus,birds,NA,NA,NA,NA,NA
Melanochyla fulvinervia,Melanochyla fulvinervia,vascular plants,NA,NA,NA,NA,NA
Melanogrammus aeglifinus,Melanogrammus aeglifinus,fishes,NA,NA,NA,NA,NA
Melletes papillio,Melletes papillio,fishes,NA,NA,NA,NA,NA
Mergus albellus,Mergus albellus,birds,NA,NA,NA,NA,NA
Mesua cornerii,Mesua cornerii,vascular plants,NA,NA,NA,NA,NA
Microchirus variagatus,Microchirus variagatus,fishes,NA,NA,NA,NA,NA
Micropterus dolomeiui,Micropterus dolomeiui,fishes,NA,NA,NA,NA,NA
Microseris lenearifolia,Microseris lenearifolia,vascular plants,NA,NA,NA,NA,NA
Molva dypterigia,Molva dypterigia,fishes,NA,NA,NA,NA,NA
Molva macropthalma,Molva macropthalma,fishes,NA,NA,NA,NA,NA
Monopitopus americanus,Monopitopus americanus,fishes,NA,NA,NA,NA,NA
Monroa squarrosa,Monroa squarrosa,vascular plants,NA,NA,NA,NA,NA
Motacilla personata,Motacilla personata,birds,NA,NA,NA,NA,NA
Mouriri glazioviana,Mouriri glazioviana,vascular plants,NA,NA,NA,NA,NA
Moxostoma duguesnei,Moxostoma duguesnei,fishes,NA,NA,NA,NA,NA
Moxostoma duquesni,Moxostoma duquesni,fishes,NA,NA,NA,NA,NA
Moxostoma microlepidotum,Moxostoma microlepidotum,fishes,NA,NA,NA,NA,NA
Mulloides flavolineata,Mulloides flavolineata,fishes,NA,NA,NA,NA,NA
Myagropsis myagroides,Myagropsis myagroides,vascular plants,NA,NA,NA,NA,NA
Myliobatus tenuicaudatus,Myliobatus tenuicaudatus,fishes,NA,NA,NA,NA,NA
Myoxocephalus aneaus,Myoxocephalus aneaus,fishes,NA,NA,NA,NA,NA
Myoxocephalus polyacant,Myoxocephalus polyacant,fishes,NA,NA,NA,NA,NA
Myrcia hebeclada,Myrcia hebeclada,vascular plants,NA,NA,NA,NA,NA
Myrciaria multiflora,Myrciaria multiflora,vascular plants,NA,NA,NA,NA,NA
Nama dichotomum,Nama dichotomum,vascular plants,NA,NA,NA,NA,NA
Nama hispidum,Nama hispidum,vascular plants,NA,NA,NA,NA,NA
Nasolychnus fraseri,Nasolychnus fraseri,fishes,NA,NA,NA,NA,NA
Nectandra fuzzy,Nectandra fuzzy,vascular plants,NA,NA,NA,NA,NA
Nemichthys scolapaceous,Nemichthys scolapaceous,fishes,NA,NA,NA,NA,NA
Neopomacentrus anabantoides,Neopomacentrus anabantoides,fishes,NA,NA,NA,NA,NA
Neorites kevedianus,Neorites kevedianus,vascular plants,NA,NA,NA,NA,NA
Nessorhampus ingolfianus,Nessorhampus ingolfianus,fishes,NA,NA,NA,NA,NA
Nezumia longibarbatus,Nezumia longibarbatus,fishes,NA,NA,NA,NA,NA
Nocomis platycephalus,Nocomis platycephalus,fishes,NA,NA,NA,NA,NA
Notemigonus chrysoleucas,Notemigonus chrysoleucas,fishes,NA,NA,NA,NA,NA
Notolepis rissoli,Notolepis rissoli,fishes,NA,NA,NA,NA,NA
Notropis leuciodes,Notropis leuciodes,fishes,NA,NA,NA,NA,NA
Notropis stramineas,Notropis stramineas,fishes,NA,NA,NA,NA,NA
Nyctea scandiaca,Nyctea scandiaca,birds,NA,NA,NA,NA,NA
Ocotea silvestris,Ocotea silvestris,vascular plants,NA,NA,NA,NA,NA
Ocotea velloziana,Ocotea velloziana,vascular plants,NA,NA,NA,NA,NA
Ocotea vellozziana,Ocotea vellozziana,vascular plants,NA,NA,NA,NA,NA
Odontostomias murrayi,Odontostomias murrayi,fishes,NA,NA,NA,NA,NA
Oencarpus mapora,Oencarpus mapora,vascular plants,NA,NA,NA,NA,NA
Oligochaeta bohater,Oligochaeta bohater,vascular plants,NA,NA,NA,NA,NA
Ophichthus ocellatus,Ophichthus ocellatus,fishes,NA,NA,NA,NA,NA
Ophiodon barbatum,Ophiodon barbatum,fishes,NA,NA,NA,NA,NA
Oporornis formosus,Oporornis formosus,birds,NA,NA,NA,NA,NA
Oporornis philadelphia,Oporornis philadelphia,birds,NA,NA,NA,NA,NA
Oporornis tolmiei,Oporornis tolmiei,birds,NA,NA,NA,NA,NA
Oreothlypis ruficapilla,Oreothlypis ruficapilla,birds,NA,NA,NA,NA,NA
Ostichthys major,Ostichthys major,fishes,NA,NA,NA,NA,NA
Ostraciidae uncl,Ostraciidae uncl,fishes,NA,NA,NA,NA,NA
Otus asio,Otus asio,birds,NA,NA,NA,NA,NA
Otus flammeolus,Otus flammeolus,birds,NA,NA,NA,NA,NA
Otus kennicottii,Otus kennicottii,birds,NA,NA,NA,NA,NA
Pachyptila crassirost,Pachyptila crassirost,birds,NA,NA,NA,NA,NA
Pachyptila eatoni,Pachyptila eatoni,birds,NA,NA,NA,NA,NA
Pagothenia tokarevi,Pagothenia tokarevi,fishes,NA,NA,NA,NA,NA
Palaquium galactoxylon,Palaquium galactoxylon,vascular plants,NA,NA,NA,NA,NA
Panicum hirticale,Panicum hirticale,vascular plants,NA,NA,NA,NA,NA
Panicum virginicum,Panicum virginicum,vascular plants,NA,NA,NA,NA,NA
Paralepis corygonoides,Paralepis corygonoides,fishes,NA,NA,NA,NA,NA
Paralichthys adpersus,Paralichthys adpersus,fishes,NA,NA,NA,NA,NA
Parapercis hexopthalma,Parapercis hexopthalma,fishes,NA,NA,NA,NA,NA
Parapriacanthus ransonetti,Parapriacanthus ransonetti,fishes,NA,NA,NA,NA,NA
Parartocarpus bracteata,Parartocarpus bracteata,vascular plants,NA,NA,NA,NA,NA
Parascolopsis spinosa,Parascolopsis spinosa,fishes,NA,NA,NA,NA,NA
Parascorpaena mozambica,Parascorpaena mozambica,fishes,NA,NA,NA,NA,NA
Parasudis fraser-brunneri,Parasudis fraser-brunneri,fishes,NA,NA,NA,NA,NA
Pareques blackbar,Pareques blackbar,fishes,NA,NA,NA,NA,NA
Parula americana,Parula americana,birds,NA,NA,NA,NA,NA
Parus ater,Parus ater,birds,NA,NA,NA,NA,NA
Parus atricapillus,Parus atricapillus,birds,NA,NA,NA,NA,NA
Parus atricristatus,Parus atricristatus,birds,NA,NA,NA,NA,NA
Parus bicolor,Parus bicolor,birds,NA,NA,NA,NA,NA
Parus caeruleus,Parus caeruleus,birds,NA,NA,NA,NA,NA
Parus carolinensis,Parus carolinensis,birds,NA,NA,NA,NA,NA
Parus cinctus,Parus cinctus,birds,NA,NA,NA,NA,NA
Parus cristatus,Parus cristatus,birds,NA,NA,NA,NA,NA
Parus gambeli,Parus gambeli,birds,NA,NA,NA,NA,NA
Parus hudsonicus,Parus hudsonicus,birds,NA,NA,NA,NA,NA
Parus montanus,Parus montanus,birds,NA,NA,NA,NA,NA
Parus palustris,Parus palustris,birds,NA,NA,NA,NA,NA
Parus rufescens,Parus rufescens,birds,NA,NA,NA,NA,NA
Parus wollweberi,Parus wollweberi,birds,NA,NA,NA,NA,NA
Passer rutilans,Passer rutilans,birds,NA,NA,NA,NA,NA
Pectinatus elongatus,Pectinatus elongatus,fishes,NA,NA,NA,NA,NA
Pedicularis rostrato-spicata,Pedicularis rostrato-spicata,vascular plants,NA,NA,NA,NA,NA
Penopus microphalmus,Penopus microphalmus,fishes,NA,NA,NA,NA,NA
Pentapodus emeryi,Pentapodus emeryi,fishes,NA,NA,NA,NA,NA
Persea wildenovii,Persea wildenovii,vascular plants,NA,NA,NA,NA,NA
Persea willdenovii,Persea willdenovii,vascular plants,NA,NA,NA,NA,NA
Petroscrites fallax,Petroscrites fallax,fishes,NA,NA,NA,NA,NA
Petroscrites mitratus,Petroscrites mitratus,fishes,NA,NA,NA,NA,NA
Phalacrocorax atricep,Phalacrocorax atricep,birds,NA,NA,NA,NA,NA
Phalacrocorax campbel,Phalacrocorax campbel,birds,NA,NA,NA,NA,NA
Phalacrocorax capensi,Phalacrocorax capensi,birds,NA,NA,NA,NA,NA
Phalacrocorax coronat,Phalacrocorax coronat,birds,NA,NA,NA,NA,NA
Phalacrocorax neglect,Phalacrocorax neglect,birds,NA,NA,NA,NA,NA
Phalaropus fulicaria,Phalaropus fulicaria,birds,NA,NA,NA,NA,NA
Phenocobius mirabilis,Phenocobius mirabilis,fishes,NA,NA,NA,NA,NA
Philomachus pugnax,Philomachus pugnax,birds,NA,NA,NA,NA,NA
Picoides albolarvatus,Picoides albolarvatus,birds,NA,NA,NA,NA,NA
Picoides arizonae,Picoides arizonae,birds,NA,NA,NA,NA,NA
Picoides borealis,Picoides borealis,birds,NA,NA,NA,NA,NA
Picoides nuttallii,Picoides nuttallii,birds,NA,NA,NA,NA,NA
Picoides pubescens,Picoides pubescens,birds,NA,NA,NA,NA,NA
Picoides scalaris,Picoides scalaris,birds,NA,NA,NA,NA,NA
Picoides villosus,Picoides villosus,birds,NA,NA,NA,NA,NA
Picramnia glazioviana,Picramnia glazioviana,vascular plants,NA,NA,NA,NA,NA
Pimephalus notatus,Pimephalus notatus,fishes,NA,NA,NA,NA,NA
Pinus pollen,Pinus pollen,vascular plants,NA,NA,NA,NA,NA
Piper alamago,Piper alamago,vascular plants,NA,NA,NA,NA,NA
Piper imperialis,Piper imperialis,vascular plants,NA,NA,NA,NA,NA
Pipilio chlorurus,Pipilio chlorurus,birds,NA,NA,NA,NA,NA
Pipilo aberti,Pipilo aberti,birds,NA,NA,NA,NA,NA
Pipilo crissalis,Pipilo crissalis,birds,NA,NA,NA,NA,NA
Pipilo fuscus,Pipilo fuscus,birds,NA,NA,NA,NA,NA
Pipilo spec,Pipilo spec,birds,NA,NA,NA,NA,NA
Piptocarpha axilaris,Piptocarpha axilaris,vascular plants,NA,NA,NA,NA,NA
Piptochaetium montevidensis,Piptochaetium montevidensis,vascular plants,NA,NA,NA,NA,NA
Plathymenia reticulada,Plathymenia reticulada,vascular plants,NA,NA,NA,NA,NA
Platybelone argatus,Platybelone argatus,fishes,NA,NA,NA,NA,NA
Platytroctogen mirus,Platytroctogen mirus,fishes,NA,NA,NA,NA,NA
Plectroglyphidodon johnstonian,Plectroglyphidodon johnstonian,fishes,NA,NA,NA,NA,NA
Pluvialis apricarius,Pluvialis apricarius,birds,NA,NA,NA,NA,NA
Plylloscopus trochilus,Plylloscopus trochilus,birds,NA,NA,NA,NA,NA
Poa bigelovii,Poa bigelovii,vascular plants,NA,NA,NA,NA,NA
Podiceps cornutus,Podiceps cornutus,birds,NA,NA,NA,NA,NA
Poecile atrcapillus,Poecile atrcapillus,birds,NA,NA,NA,NA,NA
Poecile hudsonica,Poecile hudsonica,birds,NA,NA,NA,NA,NA
Poecile varius,Poecile varius,birds,NA,NA,NA,NA,NA
Polyacanthanotus africanus,Polyacanthanotus africanus,fishes,NA,NA,NA,NA,NA
Polyacanthanotus challengeri,Polyacanthanotus challengeri,fishes,NA,NA,NA,NA,NA
Polyacanthanotus rissoanus,Polyacanthanotus rissoanus,fishes,NA,NA,NA,NA,NA
Polyborus plancus,Polyborus plancus,birds,NA,NA,NA,NA,NA
Polygala garcinii,Polygala garcinii,vascular plants,NA,NA,NA,NA,NA
Polyosma laete-virens,Polyosma laete-virens,vascular plants,NA,NA,NA,NA,NA
Pomacentrus molucensis,Pomacentrus molucensis,fishes,NA,NA,NA,NA,NA
Pomacentrus phillppinus,Pomacentrus phillppinus,fishes,NA,NA,NA,NA,NA
Pomoxis nigromaculatuss,Pomoxis nigromaculatuss,fishes,NA,NA,NA,NA,NA
Populus pinnata,Populus pinnata,vascular plants,NA,NA,NA,NA,NA
Portulaca halimoides,Portulaca halimoides,vascular plants,NA,NA,NA,NA,NA
Porzana fusca,Porzana fusca,birds,NA,NA,NA,NA,NA
Pouteria lisa,Pouteria lisa,vascular plants,NA,NA,NA,NA,NA
Priacantus arenatus,Priacantus arenatus,fishes,NA,NA,NA,NA,NA
Procellaria aequinoct,Procellaria aequinoct,birds,NA,NA,NA,NA,NA
Prumus myrtifolia,Prumus myrtifolia,vascular plants,NA,NA,NA,NA,NA
Prunus rufum,Prunus rufum,vascular plants,NA,NA,NA,NA,NA
Prunus stipulaceum,Prunus stipulaceum,vascular plants,NA,NA,NA,NA,NA
Pseudocalliurichthys goodladi,Pseudocalliurichthys goodladi,fishes,NA,NA,NA,NA,NA
Pseudocaranx georgianus,Pseudocaranx georgianus,fishes,NA,NA,NA,NA,NA
Pseudochromis coralensis,Pseudochromis coralensis,fishes,NA,NA,NA,NA,NA
Pseudopersis numida,Pseudopersis numida,fishes,NA,NA,NA,NA,NA
Pternandra coerulescens,Pternandra coerulescens,vascular plants,NA,NA,NA,NA,NA
Pterodoma nigripennis,Pterodoma nigripennis,birds,NA,NA,NA,NA,NA
Pterodroma arminjonia,Pterodroma arminjonia,birds,NA,NA,NA,NA,NA
Pterodroma cookilaria,Pterodroma cookilaria,birds,NA,NA,NA,NA,NA
Pterodroma inexpectat,Pterodroma inexpectat,birds,NA,NA,NA,NA,NA
Pterodroma rostrata,Pterodroma rostrata,birds,NA,NA,NA,NA,NA
Ptychopyxis caput-medusae,Ptychopyxis caput-medusae,vascular plants,NA,NA,NA,NA,NA
Puffinus atrodorsalis,Puffinus atrodorsalis,birds,NA,NA,NA,NA,NA
Puffinus bulleri,Puffinus bulleri,birds,NA,NA,NA,NA,NA
Puffinus carneipes,Puffinus carneipes,birds,NA,NA,NA,NA,NA
Puffinus creatopus,Puffinus creatopus,birds,NA,NA,NA,NA,NA
Puffinus gravis,Puffinus gravis,birds,NA,NA,NA,NA,NA
Puffinus griseus,Puffinus griseus,birds,NA,NA,NA,NA,NA
Puffinus pacificus,Puffinus pacificus,birds,NA,NA,NA,NA,NA
Puffinus tenuirostris,Puffinus tenuirostris,birds,NA,NA,NA,NA,NA
Pygoscelis antarctica,Pygoscelis antarctica,birds,NA,NA,NA,NA,NA
Pygoscelis antartica,Pygoscelis antartica,birds,NA,NA,NA,NA,NA
Quercus elipsoidalis,Quercus elipsoidalis,vascular plants,NA,NA,NA,NA,NA
Rajidae uncl,Rajidae uncl,fishes,NA,NA,NA,NA,NA
Regalicus glesne,Regalicus glesne,fishes,NA,NA,NA,NA,NA
Regulus ignicapillus,Regulus ignicapillus,birds,NA,NA,NA,NA,NA
Regulus regules,Regulus regules,birds,NA,NA,NA,NA,NA
Reinwardtiodendron anaimalaiense,Reinwardtiodendron anaimalaiense,vascular plants,NA,NA,NA,NA,NA
Repomucenus belcheri,Repomucenus belcheri,fishes,NA,NA,NA,NA,NA
Repomucenus keeleyi,Repomucenus keeleyi,fishes,NA,NA,NA,NA,NA
Repomucenus meridionalis,Repomucenus meridionalis,fishes,NA,NA,NA,NA,NA
Repomucenus sublaevis,Repomucenus sublaevis,fishes,NA,NA,NA,NA,NA
Rhadanesthes decimus,Rhadanesthes decimus,fishes,NA,NA,NA,NA,NA
Rhamnidium elaeocarpus,Rhamnidium elaeocarpus,vascular plants,NA,NA,NA,NA,NA
Rhamnus catharticus,Rhamnus catharticus,vascular plants,NA,NA,NA,NA,NA
Rhinchoconger guppyi,Rhinchoconger guppyi,fishes,NA,NA,NA,NA,NA
Rhineacanthus rectangulus,Rhineacanthus rectangulus,fishes,NA,NA,NA,NA,NA
Rhus micophylla,Rhus micophylla,vascular plants,NA,NA,NA,NA,NA
Rhychoconger ectenurus,Rhychoconger ectenurus,fishes,NA,NA,NA,NA,NA
Rouleina atrita,Rouleina atrita,fishes,NA,NA,NA,NA,NA
Sambusus nigra,Sambusus nigra,vascular plants,NA,NA,NA,NA,NA
Sander vitreum,Sander vitreum,fishes,NA,NA,NA,NA,NA
Sanvitalia abertii,Sanvitalia abertii,vascular plants,NA,NA,NA,NA,NA
Sapium broadleaf,Sapium broadleaf,vascular plants,NA,NA,NA,NA,NA
Sargocentron bullsi,Sargocentron bullsi,fishes,NA,NA,NA,NA,NA
Saurenchelys finitinus,Saurenchelys finitinus,fishes,NA,NA,NA,NA,NA
Saurida damaged,Saurida damaged,fishes,NA,NA,NA,NA,NA
Saxicola torquata,Saxicola torquata,birds,NA,NA,NA,NA,NA
Sayornis spec,Sayornis spec,birds,NA,NA,NA,NA,NA
Scarus quoyii,Scarus quoyii,fishes,NA,NA,NA,NA,NA
Scarus russellii,Scarus russellii,fishes,NA,NA,NA,NA,NA
Scarus schleigeli,Scarus schleigeli,fishes,NA,NA,NA,NA,NA
Schinus weimanifolium,Schinus weimanifolium,vascular plants,NA,NA,NA,NA,NA
Scombridae uncl,Scombridae uncl,fishes,NA,NA,NA,NA,NA
Scopelarchoides kreefti,Scopelarchoides kreefti,fishes,NA,NA,NA,NA,NA
Scopelarchus brevidentatus,Scopelarchus brevidentatus,fishes,NA,NA,NA,NA,NA
Scopelarchus guntheri,Scopelarchus guntheri,fishes,NA,NA,NA,NA,NA
Scopeloberyx rubiventer,Scopeloberyx rubiventer,fishes,NA,NA,NA,NA,NA
Scorpaena nsp,Scorpaena nsp,fishes,NA,NA,NA,NA,NA
Scorpaenidae unidentified,Scorpaenidae unidentified,fishes,NA,NA,NA,NA,NA
Scyliorhinus haeckelli,Scyliorhinus haeckelli,fishes,NA,NA,NA,NA,NA
Sebastapistes nsp,Sebastapistes nsp,fishes,NA,NA,NA,NA,NA
Sebastes glaucous,Sebastes glaucous,fishes,NA,NA,NA,NA,NA
Seiurus aurocapillus,Seiurus aurocapillus,birds,NA,NA,NA,NA,NA
Seiurus motacilla,Seiurus motacilla,birds,NA,NA,NA,NA,NA
Seiurus noveboracensis,Seiurus noveboracensis,birds,NA,NA,NA,NA,NA
Semotilis atromaculatus,Semotilis atromaculatus,fishes,NA,NA,NA,NA,NA
Senecio heterotrichus,Senecio heterotrichus,vascular plants,NA,NA,NA,NA,NA
Senna bauhinoides,Senna bauhinoides,vascular plants,NA,NA,NA,NA,NA
Sialia spec,Sialia spec,birds,NA,NA,NA,NA,NA
Sloanea langii,Sloanea langii,vascular plants,NA,NA,NA,NA,NA
Socratea exorrhiza,Socratea exorrhiza,vascular plants,NA,NA,NA,NA,NA
Solanum ptycanthum,Solanum ptycanthum,vascular plants,NA,NA,NA,NA,NA
Solanum sanctaecatharinae,Solanum sanctaecatharinae,vascular plants,NA,NA,NA,NA,NA
Soleichthys dammaged,Soleichthys dammaged,fishes,NA,NA,NA,NA,NA
Solidago ludiviciana,Solidago ludiviciana,vascular plants,NA,NA,NA,NA,NA
Somniosus micocephalis,Somniosus micocephalis,fishes,NA,NA,NA,NA,NA
Spartina bakerii,Spartina bakerii,vascular plants,NA,NA,NA,NA,NA
Speotyto cunicularia,Speotyto cunicularia,birds,NA,NA,NA,NA,NA
Sphaeralcea coccinae,Sphaeralcea coccinae,vascular plants,NA,NA,NA,NA,NA
Spizella arborea,Spizella arborea,birds,NA,NA,NA,NA,NA
Stellula calliope,Stellula calliope,birds,NA,NA,NA,NA,NA
Stercorarius parasiti,Stercorarius parasiti,birds,NA,NA,NA,NA,NA
Stercorarius pomarinu,Stercorarius pomarinu,birds,NA,NA,NA,NA,NA
Sterculia hispidissima,Sterculia hispidissima,vascular plants,NA,NA,NA,NA,NA
Sterna albifrons,Sterna albifrons,birds,NA,NA,NA,NA,NA
Sterna anaethetus,Sterna anaethetus,birds,NA,NA,NA,NA,NA
Sterna antillarum,Sterna antillarum,birds,NA,NA,NA,NA,NA
Sterna balaenarum,Sterna balaenarum,birds,NA,NA,NA,NA,NA
Sterna bengalensis,Sterna bengalensis,birds,NA,NA,NA,NA,NA
Sterna bergii,Sterna bergii,birds,NA,NA,NA,NA,NA
Sterna caspia,Sterna caspia,birds,NA,NA,NA,NA,NA
Sterna elegans,Sterna elegans,birds,NA,NA,NA,NA,NA
Sterna fuscata,Sterna fuscata,birds,NA,NA,NA,NA,NA
Sterna maxima,Sterna maxima,birds,NA,NA,NA,NA,NA
Sterna sandvicensis,Sterna sandvicensis,birds,NA,NA,NA,NA,NA
Stipa yurgensii,Stipa yurgensii,vascular plants,NA,NA,NA,NA,NA
Strophostyles helvola,Strophostyles helvola,vascular plants,NA,NA,NA,NA,NA
Styrax pohlli,Styrax pohlli,vascular plants,NA,NA,NA,NA,NA
Suezichthys devisi,Suezichthys devisi,fishes,NA,NA,NA,NA,NA
Sula bedouti,Sula bedouti,birds,NA,NA,NA,NA,NA
Swartzia simplex-grandiflora,Swartzia simplex-grandiflora,vascular plants,NA,NA,NA,NA,NA
Syagrus rommanzoffiana,Syagrus rommanzoffiana,vascular plants,NA,NA,NA,NA,NA
Sygnathus dawsoni,Sygnathus dawsoni,fishes,NA,NA,NA,NA,NA
Sygnathus fuscus,Sygnathus fuscus,fishes,NA,NA,NA,NA,NA
Sygnathus typhle,Sygnathus typhle,fishes,NA,NA,NA,NA,NA
Symphurus nigricens,Symphurus nigricens,fishes,NA,NA,NA,NA,NA
Symphurus tesselatus,Symphurus tesselatus,fishes,NA,NA,NA,NA,NA
Symphyotrichum ontarionsis,Symphyotrichum ontarionsis,vascular plants,NA,NA,NA,NA,NA
Symplocus lanceolata,Symplocus lanceolata,vascular plants,NA,NA,NA,NA,NA
Syncarpha gnaphaloides,Syncarpha gnaphaloides,vascular plants,NA,NA,NA,NA,NA
Synechanthus warscewiczianus,Synechanthus warscewiczianus,vascular plants,NA,NA,NA,NA,NA
Synima cordierorum,Synima cordierorum,vascular plants,NA,NA,NA,NA,NA
Talauma candollii,Talauma candollii,vascular plants,NA,NA,NA,NA,NA
Taratichthys longipinnis,Taratichthys longipinnis,fishes,NA,NA,NA,NA,NA
Taraxacum alpinum,Taraxacum alpinum,vascular plants,NA,NA,NA,NA,NA
Thalassarche carteri,Thalassarche carteri,birds,NA,NA,NA,NA,NA
Thalassarche melanoph,Thalassarche melanoph,birds,NA,NA,NA,NA,NA
Thalassarche melanophrys,Thalassarche melanophrys,birds,NA,NA,NA,NA,NA
Thalassarche steadi,Thalassarche steadi,birds,NA,NA,NA,NA,NA
Theobroma bernoullii,Theobroma bernoullii,vascular plants,NA,NA,NA,NA,NA
Trachyscorpia capensis,Trachyscorpia capensis,fishes,NA,NA,NA,NA,NA
Trachyscorpia cristulata-echinata,Trachyscorpia cristulata-echinata,fishes,NA,NA,NA,NA,NA
Trematomus loenbergii,Trematomus loenbergii,fishes,NA,NA,NA,NA,NA
Trematomus pennelli,Trematomus pennelli,fishes,NA,NA,NA,NA,NA
Trema unidentified,Trema unidentified,vascular plants,NA,NA,NA,NA,NA
Trichilia casaretti,Trichilia casaretti,vascular plants,NA,NA,NA,NA,NA
Trichilia claussenii,Trichilia claussenii,vascular plants,NA,NA,NA,NA,NA
Trichillia casaretti,Trichillia casaretti,vascular plants,NA,NA,NA,NA,NA
Trichillia catigua,Trichillia catigua,vascular plants,NA,NA,NA,NA,NA
Trichillia claussenii,Trichillia claussenii,vascular plants,NA,NA,NA,NA,NA
Trichillia pallida,Trichillia pallida,vascular plants,NA,NA,NA,NA,NA
Triplaris cumingiana,Triplaris cumingiana,vascular plants,NA,NA,NA,NA,NA
Uragus sibiricus,Uragus sibiricus,birds,NA,NA,NA,NA,NA
Uranoscopus terrae-reginae,Uranoscopus terrae-reginae,fishes,NA,NA,NA,NA,NA
Uranoscopus terraereginae,Uranoscopus terraereginae,fishes,NA,NA,NA,NA,NA
Uranuscopus scaber,Uranuscopus scaber,fishes,NA,NA,NA,NA,NA
Urera bacifera,Urera bacifera,vascular plants,NA,NA,NA,NA,NA
Urophycis tenui,Urophycis tenui,fishes,NA,NA,NA,NA,NA
Vermivora celata,Vermivora celata,birds,NA,NA,NA,NA,NA
Vermivora luciae,Vermivora luciae,birds,NA,NA,NA,NA,NA
Vermivora peregrina,Vermivora peregrina,birds,NA,NA,NA,NA,NA
Vermivora pinus,Vermivora pinus,birds,NA,NA,NA,NA,NA
Vermivora ruficapilla,Vermivora ruficapilla,birds,NA,NA,NA,NA,NA
Vermivora virginiae,Vermivora virginiae,birds,NA,NA,NA,NA,NA
Vesper sparrow,Vesper sparrow,vascular plants,NA,NA,NA,NA,NA
Vinciguerria ahenuta,Vinciguerria ahenuta,fishes,NA,NA,NA,NA,NA
Vireo atricapillus,Vireo atricapillus,birds,NA,NA,NA,NA,NA
Vireo olivaceu,Vireo olivaceu,birds,NA,NA,NA,NA,NA
Vireo spec,Vireo spec,birds,NA,NA,NA,NA,NA
Vireo unidentified,Vireo unidentified,birds,NA,NA,NA,NA,NA
Virola iriantera,Virola iriantera,vascular plants,NA,NA,NA,NA,NA
Virola otaba,Virola otaba,vascular plants,NA,NA,NA,NA,NA
Walsura trifolia,Walsura trifolia,vascular plants,NA,NA,NA,NA,NA
Wilsonia canadensis,Wilsonia canadensis,birds,NA,NA,NA,NA,NA
Wilsonia citrina,Wilsonia citrina,birds,NA,NA,NA,NA,NA
Wilsonia pusilla,Wilsonia pusilla,birds,NA,NA,NA,NA,NA
Xanthichthy ringens,Xanthichthy ringens,fishes,NA,NA,NA,NA,NA
Xiphius gladius,Xiphius gladius,fishes,NA,NA,NA,NA,NA
Xylopia barnardi,Xylopia barnardi,vascular plants,NA,NA,NA,NA,NA
Xylopia longipetiolata,Xylopia longipetiolata,vascular plants,NA,NA,NA,NA,NA
Xylopia maccreae,Xylopia maccreae,vascular plants,NA,NA,NA,NA,NA
Xylosma tweediana,Xylosma tweediana,vascular plants,NA,NA,NA,NA,NA
Xyrichthys dea,Xyrichthys dea,fishes,NA,NA,NA,NA,NA
Zanthoxylem americanum,Zanthoxylem americanum,vascular plants,NA,NA,NA,NA,NA
Zanthoxyllum rhoifolium,Zanthoxyllum rhoifolium,vascular plants,NA,NA,NA,NA,NA
Zebrias craticulus,Zebrias craticulus,fishes,NA,NA,NA,NA,NA
Zoothera naevia,Zoothera naevia,birds,NA,NA,NA,NA,NA
Zoothera sibirica,Zoothera sibirica,birds,NA,NA,NA,NA,NA
Zostera noltei,Zostera noltei,vascular plants,NA,NA,NA,NA,NA
